{
  "metrics": {
    "accuracy": 0.8681129476584022,
    "precision": 0.8339646464646465,
    "recall": 0.9167244968771686,
    "f1_score": 0.8733884297520661,
    "roc_auc": 0.9309666191217746,
    "training_time_seconds": 307.3169860839844,
    "test_accuracy": 0.8533057851239669,
    "test_precision": 0.8169893816364772,
    "test_recall": 0.9077029840388618,
    "test_f1_score": 0.8599605522682445,
    "test_roc_auc": 0.9270485531853734
  },
  "cv_scores": {
    "accuracy": {
      "mean": 0.8638577831739218,
      "std": 0.005957618934351582,
      "min": 0.8571955719557196,
      "max": 0.8738007380073801
    },
    "precision": {
      "mean": 0.8262693159291474,
      "std": 0.007956652960051545,
      "min": 0.8176392572944297,
      "max": 0.8372562205783457
    },
    "recall": {
      "mean": 0.9189591078066914,
      "std": 0.003934202693032831,
      "min": 0.9137546468401487,
      "max": 0.9256505576208178
    },
    "f1": {
      "mean": 0.8701341533498343,
      "std": 0.005223122098875156,
      "min": 0.8643533123028391,
      "max": 0.8792372881355932
    },
    "roc_auc": {
      "mean": 0.9352066048944134,
      "std": 0.004863193528487996,
      "min": 0.9296924240857359,
      "max": 0.9428800196086441
    }
  }
}