{
  "metrics": {
    "accuracy": 0.8095088161209067,
    "precision": 0.7733026467203682,
    "recall": 0.8643086816720257,
    "f1_score": 0.8162769511084118,
    "roc_auc": 0.881763271847992,
    "training_time_seconds": 220.7203869819641,
    "test_accuracy": 0.8195843828715366,
    "test_precision": 0.7922619047619047,
    "test_recall": 0.8559485530546623,
    "test_f1_score": 0.8228748068006182,
    "test_roc_auc": 0.8992134980788724
  },
  "cv_scores": {}
}