{
  "metrics": {
    "accuracy": 0.8590163934426229,
    "precision": 0.8210609659540776,
    "recall": 0.8978354978354979,
    "f1_score": 0.8577336641852771,
    "roc_auc": 0.9298209442956524,
    "training_time_seconds": 229.84910202026367,
    "test_accuracy": 0.8504098360655737,
    "test_precision": 0.8194331983805668,
    "test_recall": 0.8769497400346621,
    "test_f1_score": 0.8472164085391377,
    "test_roc_auc": 0.9260237567080222
  },
  "cv_scores": {
    "accuracy": {
      "mean": 0.8503516481481768,
      "std": 0.0012616741227240568,
      "min": 0.8482944524765813,
      "max": 0.8519005818627322
    },
    "precision": {
      "mean": 0.8142506608239881,
      "std": 0.0013514944330532907,
      "min": 0.8117827508056961,
      "max": 0.8156036423506794
    },
    "recall": {
      "mean": 0.8861162416977605,
      "std": 0.0016019662624530112,
      "min": 0.8847331903359519,
      "max": 0.8890162147995392
    },
    "f1": {
      "mean": 0.8485796086196569,
      "std": 0.0012749656290979056,
      "min": 0.8465820785555522,
      "max": 0.8502991675001702
    },
    "roc_auc": {
      "mean": 0.9241213411319638,
      "std": 0.00025805426496601025,
      "min": 0.923835523145533,
      "max": 0.9245488538814263
    }
  }
}